{
  "current": {
    "customer_layout": "theme",
    "base_font_custom_code": "<link href='\/\/fonts.googleapis.com\/css?family=Roboto:400,500,700,300' rel='stylesheet' type='text\/css'>",
    "base_font_custom_family": "Roboto",
    "regular_font_size": "12px",
    "font_color": "#777777",
    "heading_font_custom_code": "<link href='\/\/fonts.googleapis.com\/css?family=Roboto:400,500,700,300' rel='stylesheet' type='text\/css'>",
    "heading_font_custom_family": "Roboto",
    "heading_font_size": "28px",
    "heading_font_color": "#ffffff",
    "link_color": "#777777",
    "link_color_act": "#ffffff",
    "product_name_font_size": "16px",
    "product_name_color": "#ffffff",
    "product_name_color_act": "#3eab17",
    "product_desc_font_size": "13px",
    "product_desc_color": "#777777",
    "product_price_color": "#fbec02",
    "homepage_products_count": "4",
    "collection_listing_count": "6",
    "body_bg_color": "#080808",
    "border_color": "#444444",
    "color_1": "#ffffff",
    "color_2": "#3eab17",
    "color_3": "#338e13",
    "color_4": "#080808",
    "color_5": "#3a79c8",
    "color_6": "#fbec02",
    "color_7": "#fe1032",
    "supported_currencies": "USD EUR GBP",
    "default_currency": "USD",
    "slide1_link": "\/collections\/all",
    "slide1_caption1": "Xbox 360™. Forza Motorsport 5",
    "slide1_caption2": "Ipsum dolor sit amet conse ctetur adipisicing elit",
    "slide2_link": "\/collections\/accessories",
    "slide2_caption1": "PS4™. Battlefield 4",
    "slide2_caption2": "Lorem ipsum dolor sit amet conse ctetur adipisicing elit",
    "slide3_link": "\/collections\/gifts-gadgets",
    "slide3_caption1": "PS3™. Dishonored",
    "slide3_caption2": "Dolor sit amet conse ctetur adipisicing elit",
    "slide4_link": "",
    "slide4_caption1": "",
    "slide4_caption2": "",
    "slide5_link": "",
    "slide5_caption1": "",
    "slide5_caption2": "",
    "custom_header1_text1": "Welcome to our store!",
    "custom_showcase1_text1": "PS4",
    "custom_showcase1_text2": "The Best Place to Play™",
    "custom_showcase1_link": "\/collections\/all",
    "custom_showcase2_text1": "Killzone™ Shadow Fall",
    "custom_showcase2_link": "\/collections\/hardware",
    "custom_showcase3_text1": "Xbox 360",
    "custom_showcase3_text2": "Introducing a sleek new Xbox 360",
    "custom_showcase3_link": "\/collections\/gifts-gadgets",
    "custom_showcase4_text1": "Dead Rising 3",
    "custom_showcase4_link": "\/collections\/games",
    "custom_showcase5_text1": "Call of Duty®: Ghosts",
    "custom_showcase5_link": "\/collections\/accessories",
    "custom_showcase6_text1": "RYSE son of Rome",
    "custom_showcase6_link": "\/collections\/hardware",
    "custom_showcase7_text1": "Assassin’s Creed Black flag",
    "custom_showcase7_link": "\/collections\/gifts-gadgets",
    "custom_showcase8_text1": "Nintendo Wii mini",
    "custom_showcase8_text2": "Wii mini is affordable  fun for the family",
    "custom_showcase8_link": "\/collections\/accessories",
    "custom_showcase9_text1": "",
    "custom_showcase9_link": "\/\/www.facebook.com\/TemplateMonster",
    "custom_footer1_title": "Information",
    "custom_footer2_title": "My account",
    "custom_footer3_title": "Follow us",
    "custom_footer_twitter": "https:\/\/twitter.com\/templatemonster",
    "custom_footer_facebook": "https:\/\/www.facebook.com\/TemplateMonster",
    "custom_footer_youtube": "",
    "custom_footer_instagram": "",
    "custom_footer_pinterest": "",
    "custom_footer_googleplus": "https:\/\/google.com\/+templatemonster",
    "custom_footer_tumblr": "",
    "mailing_list_title": "Newsletter",
    "checkout_banner_background_color": "#fff",
    "checkout_accent_color": "#2a9dcc",
    "checkout_button_color": "#2a9dcc",
    "checkout_call_to_action_color": "#8fc243",
    "mailchimp_form_action": "",
    "mailing_list_tagline": "",
    "base_font_regular_family": "Arial, Helvetica, sans-serif",
    "heading_font_regular_family": "Arial, Helvetica, sans-serif",
    "main_nav": "main-menu",
    "bestsellers_cat": "games",
    "homepage_products": "accessories",
    "homepage_listing_cols": "4",
    "collection_listing_cols": "3",
    "homepage_listing_image_size": "medium",
    "enable_breadcrumbs": "true",
    "currency_format": "money_format",
    "checkout_logo": "",
    "use_logo": false,
    "show_copyright": true,
    "enable_left_sidebar": false,
    "enable_right_sidebar": true,
    "show_multiple_currencies": true,
    "slider_toggle": true,
    "slider_captions_toggle": true,
    "slide1_toggle": true,
    "slide2_toggle": true,
    "slide3_toggle": true,
    "slide4_toggle": false,
    "slide5_toggle": false,
    "custom_showcase1_img_toggle": true,
    "custom_showcase2_img_toggle": true,
    "custom_showcase3_img_toggle": true,
    "custom_showcase4_img_toggle": true,
    "custom_showcase5_img_toggle": true,
    "custom_showcase6_img_toggle": true,
    "custom_showcase7_img_toggle": true,
    "custom_showcase8_img_toggle": true,
    "custom_showcase9_img_toggle": true,
    "custom_footer4_newsletter": true,
    "custom_footer_payment_logo_toggle": true,
    "show_amex": true,
    "show_discover": true,
    "show_visa": true,
    "show_mastercard": true,
    "show_maestro": true,
    "show_cirrus": true,
    "show_paypal": true,
    "show_google": true,
    "checkout_use_header_image": false,
    "base_font_type": "font_custom",
    "heading_font_type": "font_custom",
    "body_bg_type": "bg_color",
    "color_8": "#",
    "color_9": "",
    "color_10": "",
    "gradient1_top": "",
    "gradient1_bottom": "",
    "gradient2_top": "",
    "gradient2_bottom": "",
    "gradient3_top": "",
    "gradient3_bottom": "",
    "gradient4_top": "",
    "gradient4_bottom": "",
    "gradient5_top": "",
    "gradient5_bottom": "",
    "gradient6_top": "",
    "gradient6_bottom": "",
    "gradient7_top": "",
    "gradient7_bottom": "",
    "gradient8_top": "",
    "gradient8_bottom": "",
    "gradient9_top": "",
    "gradient9_bottom": "",
    "gradient10_top": "",
    "gradient10_bottom": "",
    "custom_footer_payment_logo": "false",
    "custom_footer5_title": "",
    "custom_footer_company": "Company inc.",
    "custom_footer_address": "Address, street, 20\/1",
    "custom_footer_phone": "(066) 655-5137",
    "custom_footer_email": "mail@mail.com",
    "custom_footer4_title": "Follow us",
    "custom_showcase2_text2": "",
    "custom_showcase4_text2": "",
    "slide1_caption3": "",
    "slide1_caption4": "",
    "slide1_caption5": "",
    "slide2_caption3": "",
    "slide2_caption4": "",
    "slide2_caption5": "",
    "slide3_caption3": "",
    "slide3_caption4": "",
    "slide3_caption5": "",
    "slide4_caption3": "",
    "slide4_caption4": "",
    "slide4_caption5": "",
    "slide5_caption3": "",
    "slide5_caption4": "",
    "slide5_caption5": "",
    "custom_header1_text2": "",
    "custom_header1_link": "",
    "custom_header1_img_toggle": "false",
    "custom_footer5_company": "Company name",
    "custom_footer5_address": "Company address",
    "custom_footer5_phone": "8(066)066-6541",
    "custom_footer5_email": "mail@mail.com",
    "custom_footer2_text1": "",
    "custom_footer2_text2": "",
    "custom_footer2_link": "",
    "custom_footer3_twitter": "",
    "custom_footer3_facebook": "",
    "custom_footer3_youtube": "",
    "custom_footer3_instagram": "",
    "custom_footer3_pinterest": "",
    "custom_footer3_googleplus": "",
    "custom_footer3_tumblr": "",
    "custom_footer4_company": "",
    "custom_footer4_address": "",
    "custom_footer4_phone": "",
    "custom_footer4_email": "",
    "custom_footer1_list": "footer",
    "heading_custom_font_family": "",
    "heading_custom_font_code": "",
    "heading_ffamily_use_custom": "false",
    "heading_font_family": "Arial, Helvetica, sans-serif",
    "regular_font_family": "Arial, Helvetica, sans-serif",
    "custom_header1_toggle": "false",
    "slide1_caption_toggle": "true",
    "slide2_caption_toggle": "true",
    "slide3_caption_toggle": "false",
    "slide4_caption_toggle": "false",
    "slide5_caption_toggle": "false",
    "slider_controlnav_toggle": "true",
    "slider_directnav_toggle": "true",
    "bottom_block_1_list": "main-menu",
    "bottom_block_2_list": "footer",
    "bottom_block_3_list": "footer",
    "regular_line_height": "21px",
    "h1_fsize": "",
    "h1_lheight": "",
    "h2_fsize": "",
    "h2_lheight": "",
    "h3_fsize": "",
    "h3_lheight": "",
    "h4_fsize": "",
    "h4_lheight": "",
    "h5_fsize": "",
    "h5_lheight": "",
    "h6_fsize": "",
    "h6_lheight": "",
    "footer_height": "100px",
    "content_width": "8",
    "left_sidebar_width": "2",
    "right_sidebar_width": "2",
    "collection_listing_image_size": "compact",
    "custom_footer2_list": "my-account",
    "custom_footer3_list": "catalog"
  },
  "presets": {
  }
}